ubigeo,distrito,zona,latitud,longitud
150101,Lima (Cercado),Lima Centro,-12.0464,-77.0428
150103,Ate,Lima Este,-12.0262,-76.9180
150106,Carabayllo,Lima Norte,-11.8700,-77.0300
150110,Comas,Lima Norte,-11.9400,-77.0600
150122,Miraflores,Lima Centro,-12.1211,-77.0297
150125,Puente Piedra,Lima Norte,-11.8667,-77.0750
150130,San Borja,Lima Centro,-12.1080,-76.9990
150132,San Juan de Lurigancho,Lima Este,-11.9800,-76.9900
150135,San Martin de Porres,Lima Norte,-12.0100,-77.0800
150137,Santa Anita,Lima Este,-12.0430,-76.9710
150142,Villa El Salvador,Lima Sur,-12.2130,-76.9420
150143,Villa Maria del Triunfo,Lima Sur,-12.1600,-76.9400
